DecorativePillows,Quilts,EmbroideredBedspread,,,,
EmbroideredBedspread,Shams,KidsBedding,BeddingCollections,BedSkirts,Bedspreads,Sheets
DecorativePillows,Quilts,EmbroideredBedspread,Shams,KidsBedding,BeddingCollections,
KidsBedding,BeddingCollections,Sheets,Bedspreads,BedSkirts,,
DecorativePillows,KidsBedding,BeddingCollections,Sheets,BedSkirts,Bedspreads,
BeddingCollections,Bedspreads,BedSkirts,Sheets,Shams,KidsBedding,
DecorativePillows,Quilts,,,,,
DecorativePillows,Quilts,EmbroideredBedspread,,,,
Bedspreads,BedSkirts,Shams,KidsBedding,Sheets,,
Quilts,EmbroideredBedspread,BeddingCollections,,,,
BeddingCollections,Bedspreads,BedSkirts,KidsBedding,Shams,Sheets,
DecorativePillows,Quilts,,,,,
EmbroideredBedspread,Shams,,,,,
Sheets,Shams,BedSkirts,KidsBedding,,,
DecorativePillows,Quilts,,,,,
DecorativePillows,KidsBedding,BedSkirts,Shams,,,
DecorativePillows,Shams,BedSkirts,,,,
Quilts,Sheets,KidsBedding,,,,
Shams,BedSkirts,KidsBedding,Sheets,,,
DecorativePillows,Bedspreads,Shams,Sheets,BedSkirts,KidsBedding,