DeskTop,Printer,FlashDrive,MicrosoftOffice,Speakers,Anti-Virus,,,,
LabTop,FlashDrive,MicrosoftOffice,LabTopCase,Anti-Virus,,,,,
LabTop,Printer,FlashDrive,MicrosoftOffice,Anti-Virus,LabTopCase,ExternalHard-Drive,,,
LabTop,Printer,FlashDrive,Anti-Virus,ExternalHard-Drive,LabTopCase,,,,
LabTop,FlashDrive,LabTopCase,Anti-Virus,,,,,,
LabTop,Printer,FlashDrive,MicrosoftOffice,,,,,,
DeskTop,Printer,FlashDrive,MicrosoftOffice,,,,,,
LabTop,ExternalHard-Drive,Anti-Virus,,,,,,,
DeskTop,Printer,FlashDrive,MicrosoftOffice,LabTopCase,Anti-Virus,Speakers,ExternalHard-Drive,,
DigitalCamera,LabTop,DeskTop,Printer,FlashDrive,MicrosoftOffice,LabTopCase,Anti-Virus,ExternalHard-Drive,Speakers
LabTop,DeskTop,LabTopCase,ExternalHard-Drive,Speakers,Anti-Virus,,,,
DigitalCamera,LabTop,LabTopCase,ExternalHard-Drive,Anti-Virus,Speakers,,,,
DigitalCamera,Speakers,,,,,,,,
DigitalCamera,DeskTop,Printer,FlashDrive,MicrosoftOffice,,,,,
Printer,FlashDrive,MicrosoftOffice,Anti-Virus,LabTopCase,Speakers,ExternalHard-Drive,,,
DigitalCamera,FlashDrive,MicrosoftOffice,Anti-Virus,LabTopCase,ExternalHard-Drive,Speakers,,,
DigitalCamera,LabTop,LabTopCase,,,,,,,
DigitalCamera,LabTopCase,Speakers,,,,,,,
DigitalCamera,LabTop,Printer,FlashDrive,MicrosoftOffice,Speakers,LabTopCase,Anti-Virus,,
DigitalCamera,LabTop,Speakers,Anti-Virus,LabTopCase,,,,,